{
  "best_result": {
    "rank": 1,
    "feasible": false,
    "max_box_violation": 0.9840477015,
    "mean_rel_error": 0.7652766483,
    "objective": 984.8129781483,
    "selected_templates": 3,
    "coefficients": [
      {
        "module": "fetch_b128_d1_bp2_s16_r1000_cold_1m_rand_n131072_p256_np512_l4",
        "case": "fetch_b128_d1_bp2_s16_r1000_cold_1m_rand_n131072_p256_np512_l4",
        "coefficient": 1390511.0,
        "repeat_count": 1390511,
        "unit_instructions": 39985.212,
        "source_csv": "merge_module_library.csv",
        "source_row": 775
      },
      {
        "module": "fetch_b128_d1_bp2_s16_r1000_dtlb_128m_rand_n32768_p32768_np1_l4",
        "case": "fetch_b128_d1_bp2_s16_r1000_dtlb_128m_rand_n32768_p32768_np1_l4",
        "coefficient": 18651.0,
        "repeat_count": 18651,
        "unit_instructions": 39985.166,
        "source_csv": "merge_module_library.csv",
        "source_row": 779
      },
      {
        "module": "cold_b1000_d2_linear_hot_8k_rand_n1024_p2_np512_l1",
        "case": "cold_b1000_d2_linear_hot_8k_rand_n1024_p2_np512_l1",
        "coefficient": 14102.0,
        "repeat_count": 14102,
        "unit_instructions": 225305.313,
        "source_csv": "merge_module_library.csv",
        "source_row": 1254
      }
    ],
    "raw_target": {
      "instructions:u": 1000000000.0,
      "br_retired:u": 147550000.0,
      "br_mis_pred:u": 4407000.0,
      "l1i_cache:u": 248950000.0,
      "l1i_cache_refill:u": 15820.0,
      "l1i_tlb:u": 248950000.0,
      "l1i_tlb_refill:u": 4.77,
      "l2i_cache:u": 15820.0,
      "l2i_cache_refill:u": 2798.0,
      "l2i_tlb:u": 6.82,
      "l2i_tlb_refill:u": 4.4,
      "l1d_cache:u": 210000000.0,
      "l1d_cache_refill:u": 8093000.0,
      "l1d_tlb:u": 230420000.0,
      "l1d_tlb_refill:u": 1673000.0,
      "l2d_cache:u": 29940000.0,
      "l2d_cache_refill:u": 1636000.0,
      "l2d_tlb:u": 1865000.0,
      "l2d_tlb_refill:u": 9230.0,
      "ll_cache:u": 1484000.0,
      "ll_cache_miss:u": 644600.0
    },
    "raw_prediction": {
      "instructions:u": 5952298.487,
      "br_retired:u": 940178.126,
      "br_mis_pred:u": 181437.1524,
      "l1i_cache:u": 2664918.685,
      "l1i_cache_refill:u": 15664.80857,
      "l1i_tlb:u": 2664918.685,
      "l1i_tlb_refill:u": 6.307535988,
      "l2i_cache:u": 15664.65637,
      "l2i_cache_refill:u": 213.2861499,
      "l2i_tlb:u": 11.33963809,
      "l2i_tlb_refill:u": 2.463401706,
      "l1d_cache:u": 1727550.369,
      "l1d_cache_refill:u": 677477.306,
      "l1d_tlb:u": 2918528.786,
      "l1d_tlb_refill:u": 637042.7443,
      "l2d_cache:u": 2422637.93,
      "l2d_cache_refill:u": 817305.9864,
      "l2d_tlb:u": 638553.0934,
      "l2d_tlb_refill:u": 9577.278759,
      "ll_cache:u": 816683.0096,
      "ll_cache_miss:u": 18507.3015
    },
    "raw_rel_errors": {
      "instructions:u": -0.9940477015,
      "br_retired:u": -0.993628071,
      "br_mis_pred:u": -0.9588297816,
      "l1i_cache:u": -0.9892953658,
      "l1i_cache_refill:u": -0.009809825216,
      "l1i_tlb:u": -0.9892953658,
      "l1i_tlb_refill:u": 0.3223345888,
      "l2i_cache:u": -0.009819445831,
      "l2i_cache_refill:u": -0.9237719264,
      "l2i_tlb:u": 0.6627035324,
      "l2i_tlb_refill:u": -0.4401359758,
      "l1d_cache:u": -0.9917735697,
      "l1d_cache_refill:u": -0.9162884831,
      "l1d_tlb:u": -0.9873338739,
      "l1d_tlb_refill:u": -0.6192213124,
      "l2d_cache:u": -0.9190835695,
      "l2d_cache_refill:u": -0.5004242137,
      "l2d_tlb:u": -0.6576122824,
      "l2d_tlb_refill:u": 0.03762500094,
      "ll_cache:u": -0.4496745218,
      "ll_cache_miss:u": -0.9712887039
    },
    "repeat_plan_integer": [
      {
        "module": "fetch_b128_d1_bp2_s16_r1000_cold_1m_rand_n131072_p256_np512_l4",
        "case": "fetch_b128_d1_bp2_s16_r1000_cold_1m_rand_n131072_p256_np512_l4",
        "repeat_count": 1390511,
        "unit_instructions": 39985.212,
        "source_csv": "merge_module_library.csv",
        "source_row": 775
      },
      {
        "module": "fetch_b128_d1_bp2_s16_r1000_dtlb_128m_rand_n32768_p32768_np1_l4",
        "case": "fetch_b128_d1_bp2_s16_r1000_dtlb_128m_rand_n32768_p32768_np1_l4",
        "repeat_count": 18651,
        "unit_instructions": 39985.166,
        "source_csv": "merge_module_library.csv",
        "source_row": 779
      },
      {
        "module": "cold_b1000_d2_linear_hot_8k_rand_n1024_p2_np512_l1",
        "case": "cold_b1000_d2_linear_hot_8k_rand_n1024_p2_np512_l1",
        "repeat_count": 14102,
        "unit_instructions": 225305.313,
        "source_csv": "merge_module_library.csv",
        "source_row": 1254
      }
    ],
    "integer_prediction": {
      "instructions:u": 5952289.598,
      "br_retired:u": 940177.401,
      "br_mis_pred:u": 181436.9645,
      "l1i_cache:u": 2664914.61,
      "l1i_cache_refill:u": 15664.33184,
      "l1i_tlb:u": 2664914.61,
      "l1i_tlb_refill:u": 6.3075335,
      "l2i_cache:u": 15664.17964,
      "l2i_cache_refill:u": 213.286078,
      "l2i_tlb:u": 11.3396337,
      "l2i_tlb_refill:u": 2.4634014,
      "l1d_cache:u": 1727549.113,
      "l1d_cache_refill:u": 677477.4183,
      "l1d_tlb:u": 2918527.486,
      "l1d_tlb_refill:u": 637042.852,
      "l2d_cache:u": 2422637.835,
      "l2d_cache_refill:u": 817306.1473,
      "l2d_tlb:u": 638553.2012,
      "l2d_tlb_refill:u": 9577.309018,
      "ll_cache:u": 816683.1694,
      "ll_cache_miss:u": 18507.3597
    },
    "integer_rel_errors": {
      "instructions:u": -0.9940477104,
      "br_retired:u": -0.9936280759,
      "br_mis_pred:u": -0.9588298243,
      "l1i_cache:u": -0.9892953822,
      "l1i_cache_refill:u": -0.009839959633,
      "l1i_tlb:u": -0.9892953822,
      "l1i_tlb_refill:u": 0.3223340671,
      "l2i_cache:u": -0.009849580228,
      "l2i_cache_refill:u": -0.9237719521,
      "l2i_tlb:u": 0.6627028886,
      "l2i_tlb_refill:u": -0.4401360455,
      "l1d_cache:u": -0.9917735757,
      "l1d_cache_refill:u": -0.9162884693,
      "l1d_tlb:u": -0.9873338795,
      "l1d_tlb_refill:u": -0.6192212481,
      "l2d_cache:u": -0.9190835727,
      "l2d_cache_refill:u": -0.5004241153,
      "l2d_tlb:u": -0.6576122245,
      "l2d_tlb_refill:u": 0.03762827934,
      "ll_cache:u": -0.4496744142,
      "ll_cache_miss:u": -0.9712886136
    },
    "integer_box_violation": {
      "instructions:u": 0.9840477104,
      "br_retired:u": 0.9836280759,
      "br_mis_pred:u": 0.9488298243,
      "l1i_cache:u": 0.9792953822,
      "l1i_cache_refill:u": 0,
      "l1i_tlb:u": 0.9792953822,
      "l1i_tlb_refill:u": 0.3123340671,
      "l2i_cache:u": 0,
      "l2i_cache_refill:u": 0.9137719521,
      "l2i_tlb:u": 0.6527028886,
      "l2i_tlb_refill:u": 0.4301360455,
      "l1d_cache:u": 0.9817735757,
      "l1d_cache_refill:u": 0.9062884693,
      "l1d_tlb:u": 0.9773338795,
      "l1d_tlb_refill:u": 0.6092212481,
      "l2d_cache:u": 0.9090835727,
      "l2d_cache_refill:u": 0.4904241153,
      "l2d_tlb:u": 0.6476122245,
      "l2d_tlb_refill:u": 0.02762827934,
      "ll_cache:u": 0.4396744142,
      "ll_cache_miss:u": 0.9612886136
    },
    "integer_target_metric_prediction": {
      "br_miss_rate": 0.192981678027255,
      "br_mis_pred_mpki": 30.481863904551197,
      "br_retired_mpki": 157.95211346564318,
      "l1i_miss_rate": 0.005878156304795468,
      "l1i_cache_mpki": 447.7125417719329,
      "l1i_cache_refill_mpki": 2.6317243001526918,
      "l1i_tlb_miss_rate": 2.3668774674076027e-06,
      "l1i_tlb_mpki": 447.7125417719329,
      "l1i_tlb_refill_mpki": 0.001059680726995773,
      "l2i_miss_rate": 0.013615756698530119,
      "l2i_cache_mpki": 2.631698730198441,
      "l2i_cache_refill_mpki": 0.03583256961421263,
      "l2i_tlb_miss_rate": 0.21723812404316337,
      "l2i_tlb_mpki": 0.0019050855925263346,
      "l2i_tlb_refill_mpki": 0.00041385722026207925,
      "l1d_miss_rate": 0.39216066758861606,
      "l1d_cache_mpki": 290.2324829262212,
      "l1d_cache_refill_mpki": 113.81776426024854,